﻿<?xml version="1.0" encoding="utf-8"?>
<Deployment xmlns="http://schemas.microsoft.com/windowsphone/2012/deployment" AppPlatformVersion="8.0">
  <DefaultLanguage xmlns="" code="zh-Hans" />
  <Languages xmlns="">
    <Language code="zh-Hans" />
  </Languages>
  <App xmlns="" ProductID="{f7a27227-afa9-43b4-9eca-fd5ada3c7675}" Title="唱歌技巧2" RuntimeType="Silverlight" Version="1.0.0.0" Genre="apps.normal" Author="OKr Works" Description="唱歌技巧2" Publisher="OKr Inc." PublisherID="{6cd5d726-7844-4804-82c5-dfdf1488d162}">
    <IconPath IsRelative="true" IsResource="false">chang2.png</IconPath>
    <Capabilities>
      <Capability Name="ID_CAP_IDENTITY_DEVICE" />
      <Capability Name="ID_CAP_IDENTITY_USER" />
      <Capability Name="ID_CAP_MICROPHONE" />
      <Capability Name="ID_CAP_NETWORKING" />
      <Capability Name="ID_CAP_WEBBROWSERCOMPONENT" />
      <Capability Name="ID_CAP_MEDIALIB_PHOTO" />
      <Capability Name="ID_CAP_MEDIALIB_AUDIO" />
      <Capability Name="ID_CAP_MEDIALIB_PLAYBACK" />
      <Capability Name="ID_CAP_SENSORS" />
      <Capability Name="ID_CAP_LOCATION" />
      <Capability Name="ID_CAP_SPEECH_RECOGNITION" />
    </Capabilities>
    <Tasks>
      <DefaultTask Name="_default" NavigationPage="/View/Splash.xaml" />
    </Tasks>
    <Tokens>
      <PrimaryToken TokenID="OKr.MXReader.ClientToken" TaskName="_default">
        <TemplateFlip>
          <SmallImageURI IsResource="false" IsRelative="true">chang2.png</SmallImageURI>
          <Count>0</Count>
          <BackgroundImageURI IsResource="false" IsRelative="true">chang2.png</BackgroundImageURI>
          <Title>唱歌技巧2</Title>
          <BackContent>
          </BackContent>
          <BackBackgroundImageURI>
          </BackBackgroundImageURI>
          <BackTitle>
          </BackTitle>
          <DeviceLockImageURI>
          </DeviceLockImageURI>
          <HasLarge>False</HasLarge>
        </TemplateFlip>
      </PrimaryToken>
    </Tokens>
    <ScreenResolutions>
      <ScreenResolution Name="ID_RESOLUTION_WVGA" />
      <ScreenResolution Name="ID_RESOLUTION_WXGA" />
      <ScreenResolution Name="ID_RESOLUTION_HD720P" />
    </ScreenResolutions>
  </App>
</Deployment>